<?xml version="1.0" encoding="UTF-8"?>
<CustomField xmlns="http://soap.sforce.com/2006/04/metadata">
    <fullName>Modified_By__c</fullName>
    <deleteConstraint>SetNull</deleteConstraint>
    <externalId>false</externalId>
    <label>Modified By</label>
    <referenceTo>Employee__c</referenceTo>
    <relationshipLabel>Time Log Changes</relationshipLabel>
    <relationshipName>Time_Log_Changes</relationshipName>
    <required>false</required>
    <trackTrending>false</trackTrending>
    <type>Lookup</type>
</CustomField>
