{
  "status": 0,
  "result": [
    {
      "createdById": "005dL00000CXt3dQAD",
      "createdByName": "Gopu S.",
      "createdDate": "2025-01-04T17:55:04.000Z",
      "fileName": "tabs/trlhdtips__Welcome.tab",
      "fullName": "trlhdtips__Welcome",
      "id": "01rdL00000RWs2hQAD",
      "lastModifiedById": "005dL00000CXt3dQAD",
      "lastModifiedByName": "Gopu S.",
      "lastModifiedDate": "2025-01-04T17:55:04.000Z",
      "manageableState": "installed",
      "namespacePrefix": "trlhdtips",
      "type": "CustomTab"
    },
    {
      "createdById": "005dL00000CXt3dQAD",
      "createdByName": "Gopu S.",
      "createdDate": "2025-02-25T17:46:54.000Z",
      "fileName": "tabs/Project__c.tab",
      "fullName": "Project__c",
      "id": "01rdL00000Vu225QAB",
      "lastModifiedById": "005dL00000CXt3dQAD",
      "lastModifiedByName": "Gopu S.",
      "lastModifiedDate": "2025-02-25T17:46:54.000Z",
      "manageableState": "unmanaged",
      "type": "CustomTab"
    },
    {
      "createdById": "005dL00000CXt3dQAD",
      "createdByName": "Gopu S.",
      "createdDate": "2025-02-25T17:46:29.000Z",
      "fileName": "tabs/Employee__c.tab",
      "fullName": "Employee__c",
      "id": "01rdL00000VtlCZQAZ",
      "lastModifiedById": "005dL00000CXt3dQAD",
      "lastModifiedByName": "Gopu S.",
      "lastModifiedDate": "2025-02-25T17:46:29.000Z",
      "manageableState": "unmanaged",
      "type": "CustomTab"
    },
    {
      "createdById": "005dL00000CXt3dQAD",
      "createdByName": "Gopu S.",
      "createdDate": "2025-01-04T17:55:04.000Z",
      "fileName": "tabs/trlhdtips__Install_a_Package.tab",
      "fullName": "trlhdtips__Install_a_Package",
      "id": "01rdL00000RWs2gQAD",
      "lastModifiedById": "005dL00000CXt3dQAD",
      "lastModifiedByName": "Gopu S.",
      "lastModifiedDate": "2025-01-04T17:55:04.000Z",
      "manageableState": "installed",
      "namespacePrefix": "trlhdtips",
      "type": "CustomTab"
    },
    {
      "createdById": "005dL00000CXt3dQAD",
      "createdByName": "Gopu S.",
      "createdDate": "2025-02-25T17:55:21.000Z",
      "fileName": "tabs/Time_Log.tab",
      "fullName": "Time_Log",
      "id": "01rdL00000Vu0DKQAZ",
      "lastModifiedById": "005dL00000CXt3dQAD",
      "lastModifiedByName": "Gopu S.",
      "lastModifiedDate": "2025-03-01T17:10:54.000Z",
      "manageableState": "unmanaged",
      "type": "CustomTab"
    },
    {
      "createdById": "005dL00000CXt3dQAD",
      "createdByName": "Gopu S.",
      "createdDate": "2025-01-04T17:55:04.000Z",
      "fileName": "tabs/trlhdtips__Get_Your_Login_Credentials.tab",
      "fullName": "trlhdtips__Get_Your_Login_Credentials",
      "id": "01rdL00000RWs2fQAD",
      "lastModifiedById": "005dL00000CXt3dQAD",
      "lastModifiedByName": "Gopu S.",
      "lastModifiedDate": "2025-01-04T17:55:04.000Z",
      "manageableState": "installed",
      "namespacePrefix": "trlhdtips",
      "type": "CustomTab"
    },
    {
      "createdById": "005dL00000CXt3dQAD",
      "createdByName": "Gopu S.",
      "createdDate": "2025-02-25T17:47:56.000Z",
      "fileName": "tabs/Time_Log__c.tab",
      "fullName": "Time_Log__c",
      "id": "01rdL00000Vu2JpQAJ",
      "lastModifiedById": "005dL00000CXt3dQAD",
      "lastModifiedByName": "Gopu S.",
      "lastModifiedDate": "2025-02-25T17:47:56.000Z",
      "manageableState": "unmanaged",
      "type": "CustomTab"
    }
  ]
}