{
  "status": 0,
  "result": [
    {
      "createdById": "005dL00000CXt3dQAD",
      "createdByName": "Gopu S.",
      "createdDate": "2025-02-27T18:54:21.000Z",
      "fileName": "notificationtypes/BellPush.notiftype",
      "fullName": "BellPush",
      "id": "0MLdL000000sI4nWAE",
      "lastModifiedById": "005dL00000CXt3dQAD",
      "lastModifiedByName": "Gopu S.",
      "lastModifiedDate": "2025-02-27T18:54:21.000Z",
      "manageableState": "unmanaged",
      "type": "CustomNotificationType"
    },
    {
      "createdById": "005dL00000CXt3dQAD",
      "createdByName": "Gopu S.",
      "createdDate": "2025-02-27T19:14:34.000Z",
      "fileName": "notificationtypes/Time_Log_Notification.notiftype",
      "fullName": "Time_Log_Notification",
      "id": "0MLdL000000sI81WAE",
      "lastModifiedById": "005dL00000CXt3dQAD",
      "lastModifiedByName": "Gopu S.",
      "lastModifiedDate": "2025-02-27T19:14:34.000Z",
      "manageableState": "unmanaged",
      "type": "CustomNotificationType"
    }
  ]
}