{
  "status": 0,
  "result": [
    {
      "createdById": "005dL00000CXt3dQAD",
      "createdByName": "Gopu S.",
      "createdDate": "1970-01-01T00:00:00.000Z",
      "fileName": "objectTranslations/Project__c-en_US.objectTranslation",
      "fullName": "Project__c-en_US",
      "id": "",
      "lastModifiedById": "005dL00000CXt3dQAD",
      "lastModifiedByName": "Gopu S.",
      "lastModifiedDate": "1970-01-01T00:00:00.000Z",
      "namespacePrefix": "",
      "type": "CustomObjectTranslation"
    },
    {
      "createdById": "005dL00000CXt3dQAD",
      "createdByName": "Gopu S.",
      "createdDate": "1970-01-01T00:00:00.000Z",
      "fileName": "objectTranslations/Time_Log_Change_c__c-en_US.objectTranslation",
      "fullName": "Time_Log_Change_c__c-en_US",
      "id": "",
      "lastModifiedById": "005dL00000CXt3dQAD",
      "lastModifiedByName": "Gopu S.",
      "lastModifiedDate": "1970-01-01T00:00:00.000Z",
      "namespacePrefix": "",
      "type": "CustomObjectTranslation"
    },
    {
      "createdById": "005dL00000CXt3dQAD",
      "createdByName": "Gopu S.",
      "createdDate": "1970-01-01T00:00:00.000Z",
      "fileName": "objectTranslations/Employee__c-en_US.objectTranslation",
      "fullName": "Employee__c-en_US",
      "id": "",
      "lastModifiedById": "005dL00000CXt3dQAD",
      "lastModifiedByName": "Gopu S.",
      "lastModifiedDate": "1970-01-01T00:00:00.000Z",
      "namespacePrefix": "",
      "type": "CustomObjectTranslation"
    },
    {
      "createdById": "005dL00000CXt3dQAD",
      "createdByName": "Gopu S.",
      "createdDate": "1970-01-01T00:00:00.000Z",
      "fileName": "objectTranslations/Time_Log__c-en_US.objectTranslation",
      "fullName": "Time_Log__c-en_US",
      "id": "",
      "lastModifiedById": "005dL00000CXt3dQAD",
      "lastModifiedByName": "Gopu S.",
      "lastModifiedDate": "1970-01-01T00:00:00.000Z",
      "namespacePrefix": "",
      "type": "CustomObjectTranslation"
    }
  ]
}