{
  "status": 0,
  "result": [
    {
      "createdById": "005dL00000CXt5GQAT",
      "createdByName": "Automated Process",
      "createdDate": "2025-01-04T17:55:04.000Z",
      "fileName": "reportTypes/flow_orchestration_log_ootb_crt_two_four_eight.reportType",
      "fullName": "flow_orchestration_log_ootb_crt_two_four_eight",
      "id": "070dL000009fNy1QAE",
      "lastModifiedById": "005dL00000CXt5GQAT",
      "lastModifiedByName": "Automated Process",
      "lastModifiedDate": "2025-01-04T17:55:04.000Z",
      "manageableState": "unmanaged",
      "type": "ReportType"
    },
    {
      "createdById": "005dL00000CXt3dQAD",
      "createdByName": "Gopu S.",
      "createdDate": "2025-03-01T17:05:55.000Z",
      "fileName": "reportTypes/Time_Log_Change.reportType",
      "fullName": "Time_Log_Change",
      "id": "070dL00000B7aurQAB",
      "lastModifiedById": "005dL00000CXt3dQAD",
      "lastModifiedByName": "Gopu S.",
      "lastModifiedDate": "2025-03-01T17:05:55.000Z",
      "manageableState": "unmanaged",
      "type": "ReportType"
    },
    {
      "createdById": "005dL00000CXt5GQAT",
      "createdByName": "Automated Process",
      "createdDate": "2025-01-04T17:55:04.000Z",
      "fileName": "reportTypes/flow_orchestration_stage_run_ootb_crt_two_four_eight.reportType",
      "fullName": "flow_orchestration_stage_run_ootb_crt_two_four_eight",
      "id": "070dL000009fNxyQAE",
      "lastModifiedById": "005dL00000CXt5GQAT",
      "lastModifiedByName": "Automated Process",
      "lastModifiedDate": "2025-01-04T17:55:04.000Z",
      "manageableState": "unmanaged",
      "type": "ReportType"
    },
    {
      "createdById": "005dL00000CXt3dQAD",
      "createdByName": "Gopu S.",
      "createdDate": "2025-03-01T13:32:32.000Z",
      "fileName": "reportTypes/Time_Log_Report.reportType",
      "fullName": "Time_Log_Report",
      "id": "070dL00000B7JNlQAN",
      "lastModifiedById": "005dL00000CXt3dQAD",
      "lastModifiedByName": "Gopu S.",
      "lastModifiedDate": "2025-03-01T13:32:33.000Z",
      "manageableState": "unmanaged",
      "type": "ReportType"
    },
    {
      "createdById": "005dL00000CXt5GQAT",
      "createdByName": "Automated Process",
      "createdDate": "2025-01-04T17:55:04.000Z",
      "fileName": "reportTypes/screen_flows_prebuilt_crt.reportType",
      "fullName": "screen_flows_prebuilt_crt",
      "id": "070dL000009fNy2QAE",
      "lastModifiedById": "005dL00000CXt5GQAT",
      "lastModifiedByName": "Automated Process",
      "lastModifiedDate": "2025-01-04T17:55:04.000Z",
      "manageableState": "unmanaged",
      "type": "ReportType"
    },
    {
      "createdById": "005dL00000CXt5GQAT",
      "createdByName": "Automated Process",
      "createdDate": "2025-01-04T17:55:04.000Z",
      "fileName": "reportTypes/flow_orchestration_work_item_ootb_crt_two_four_eight.reportType",
      "fullName": "flow_orchestration_work_item_ootb_crt_two_four_eight",
      "id": "070dL000009fNy0QAE",
      "lastModifiedById": "005dL00000CXt5GQAT",
      "lastModifiedByName": "Automated Process",
      "lastModifiedDate": "2025-01-04T17:55:04.000Z",
      "manageableState": "unmanaged",
      "type": "ReportType"
    },
    {
      "createdById": "005dL00000CXt5GQAT",
      "createdByName": "Automated Process",
      "createdDate": "2025-01-04T17:55:04.000Z",
      "fileName": "reportTypes/flow_orchestration_run_ootb_crt_two_four_eight.reportType",
      "fullName": "flow_orchestration_run_ootb_crt_two_four_eight",
      "id": "070dL000009fNxxQAE",
      "lastModifiedById": "005dL00000CXt5GQAT",
      "lastModifiedByName": "Automated Process",
      "lastModifiedDate": "2025-01-04T17:55:04.000Z",
      "manageableState": "unmanaged",
      "type": "ReportType"
    },
    {
      "createdById": "005dL00000CXt5GQAT",
      "createdByName": "Automated Process",
      "createdDate": "2025-01-04T17:55:04.000Z",
      "fileName": "reportTypes/flow_orchestration_step_run_ootb_crt_two_four_eight.reportType",
      "fullName": "flow_orchestration_step_run_ootb_crt_two_four_eight",
      "id": "070dL000009fNxzQAE",
      "lastModifiedById": "005dL00000CXt5GQAT",
      "lastModifiedByName": "Automated Process",
      "lastModifiedDate": "2025-01-04T17:55:04.000Z",
      "manageableState": "unmanaged",
      "type": "ReportType"
    }
  ]
}