{
  "status": 0,
  "result": [
    {
      "createdById": "005dL00000CXt5GQAT",
      "createdByName": "Automated Process",
      "createdDate": "2025-01-04T17:55:04.000Z",
      "fileName": "reports/EBotR_v4",
      "fullName": "EBotR_v4",
      "id": "00ldL000008hSCbQAM",
      "lastModifiedById": "005dL00000CXt5GQAT",
      "lastModifiedByName": "Automated Process",
      "lastModifiedDate": "2025-01-04T17:55:04.000Z",
      "manageableState": "unmanaged",
      "type": "ReportFolder"
    },
    {
      "createdById": "005dL00000CXt5GQAT",
      "createdByName": "Automated Process",
      "createdDate": "2025-01-04T17:55:04.000Z",
      "fileName": "reports/EinsteinBotReports_v2",
      "fullName": "EinsteinBotReports_v2",
      "id": "00ldL000008hSCZQA2",
      "lastModifiedById": "005dL00000CXt5GQAT",
      "lastModifiedByName": "Automated Process",
      "lastModifiedDate": "2025-01-04T17:55:04.000Z",
      "manageableState": "unmanaged",
      "type": "ReportFolder"
    },
    {
      "createdById": "005dL00000CXt5GQAT",
      "createdByName": "Automated Process",
      "createdDate": "2025-01-04T17:55:04.000Z",
      "fileName": "reports/EBotR_v5",
      "fullName": "EBotR_v5",
      "id": "00ldL000008hSCcQAM",
      "lastModifiedById": "005dL00000CXt5GQAT",
      "lastModifiedByName": "Automated Process",
      "lastModifiedDate": "2025-01-04T17:55:04.000Z",
      "manageableState": "unmanaged",
      "type": "ReportFolder"
    },
    {
      "createdById": "005dL00000CXt3dQAD",
      "createdByName": "Gopu S.",
      "createdDate": "1970-01-01T00:00:00.000Z",
      "fileName": "unfiled$public",
      "fullName": "unfiled$public",
      "id": "",
      "lastModifiedById": "005dL00000CXt3dQAD",
      "lastModifiedByName": "Gopu S.",
      "lastModifiedDate": "1970-01-01T00:00:00.000Z",
      "manageableState": "unmanaged",
      "namespacePrefix": "",
      "type": "ReportFolder"
    },
    {
      "createdById": "005dL00000CXt5GQAT",
      "createdByName": "Automated Process",
      "createdDate": "2025-01-04T17:55:04.000Z",
      "fileName": "reports/EinsteinBotReports",
      "fullName": "EinsteinBotReports",
      "id": "00ldL000008hSCYQA2",
      "lastModifiedById": "005dL00000CXt5GQAT",
      "lastModifiedByName": "Automated Process",
      "lastModifiedDate": "2025-01-04T17:55:04.000Z",
      "manageableState": "unmanaged",
      "type": "ReportFolder"
    },
    {
      "createdById": "005dL00000CXt5GQAT",
      "createdByName": "Automated Process",
      "createdDate": "2025-01-04T17:55:04.000Z",
      "fileName": "reports/EBotR_v3",
      "fullName": "EBotR_v3",
      "id": "00ldL000008hSCaQAM",
      "lastModifiedById": "005dL00000CXt5GQAT",
      "lastModifiedByName": "Automated Process",
      "lastModifiedDate": "2025-01-04T17:55:04.000Z",
      "manageableState": "unmanaged",
      "type": "ReportFolder"
    }
  ]
}