{
  "status": 0,
  "result": [
    {
      "createdById": "005dL00000CXt3dQAD",
      "createdByName": "Gopu S.",
      "createdDate": "1970-01-01T00:00:00.000Z",
      "fileName": "sharingRules/ContactPointTypeConsent.sharingRules",
      "fullName": "ContactPointTypeConsent",
      "id": "",
      "lastModifiedById": "005dL00000CXt3dQAD",
      "lastModifiedByName": "Gopu S.",
      "lastModifiedDate": "1970-01-01T00:00:00.000Z",
      "namespacePrefix": "",
      "type": "SharingRules"
    },
    {
      "createdById": "005dL00000CXt3dQAD",
      "createdByName": "Gopu S.",
      "createdDate": "1970-01-01T00:00:00.000Z",
      "fileName": "sharingRules/FlowRecord.sharingRules",
      "fullName": "FlowRecord",
      "id": "",
      "lastModifiedById": "005dL00000CXt3dQAD",
      "lastModifiedByName": "Gopu S.",
      "lastModifiedDate": "1970-01-01T00:00:00.000Z",
      "namespacePrefix": "",
      "type": "SharingRules"
    },
    {
      "createdById": "005dL00000CXt3dQAD",
      "createdByName": "Gopu S.",
      "createdDate": "1970-01-01T00:00:00.000Z",
      "fileName": "sharingRules/Account.sharingRules",
      "fullName": "Account",
      "id": "",
      "lastModifiedById": "005dL00000CXt3dQAD",
      "lastModifiedByName": "Gopu S.",
      "lastModifiedDate": "1970-01-01T00:00:00.000Z",
      "namespacePrefix": "",
      "type": "SharingRules"
    },
    {
      "createdById": "005dL00000CXt3dQAD",
      "createdByName": "Gopu S.",
      "createdDate": "1970-01-01T00:00:00.000Z",
      "fileName": "sharingRules/UserAppMenuCustomization.sharingRules",
      "fullName": "UserAppMenuCustomization",
      "id": "",
      "lastModifiedById": "005dL00000CXt3dQAD",
      "lastModifiedByName": "Gopu S.",
      "lastModifiedDate": "1970-01-01T00:00:00.000Z",
      "namespacePrefix": "",
      "type": "SharingRules"
    },
    {
      "createdById": "005dL00000CXt3dQAD",
      "createdByName": "Gopu S.",
      "createdDate": "1970-01-01T00:00:00.000Z",
      "fileName": "sharingRules/ConvCoachingRecommendation.sharingRules",
      "fullName": "ConvCoachingRecommendation",
      "id": "",
      "lastModifiedById": "005dL00000CXt3dQAD",
      "lastModifiedByName": "Gopu S.",
      "lastModifiedDate": "1970-01-01T00:00:00.000Z",
      "namespacePrefix": "",
      "type": "SharingRules"
    },
    {
      "createdById": "005dL00000CXt3dQAD",
      "createdByName": "Gopu S.",
      "createdDate": "1970-01-01T00:00:00.000Z",
      "fileName": "sharingRules/MessagingEndUser.sharingRules",
      "fullName": "MessagingEndUser",
      "id": "",
      "lastModifiedById": "005dL00000CXt3dQAD",
      "lastModifiedByName": "Gopu S.",
      "lastModifiedDate": "1970-01-01T00:00:00.000Z",
      "namespacePrefix": "",
      "type": "SharingRules"
    },
    {
      "createdById": "005dL00000CXt3dQAD",
      "createdByName": "Gopu S.",
      "createdDate": "1970-01-01T00:00:00.000Z",
      "fileName": "sharingRules/Asset.sharingRules",
      "fullName": "Asset",
      "id": "",
      "lastModifiedById": "005dL00000CXt3dQAD",
      "lastModifiedByName": "Gopu S.",
      "lastModifiedDate": "1970-01-01T00:00:00.000Z",
      "namespacePrefix": "",
      "type": "SharingRules"
    },
    {
      "createdById": "005dL00000CXt3dQAD",
      "createdByName": "Gopu S.",
      "createdDate": "1970-01-01T00:00:00.000Z",
      "fileName": "sharingRules/WorkOrder.sharingRules",
      "fullName": "WorkOrder",
      "id": "",
      "lastModifiedById": "005dL00000CXt3dQAD",
      "lastModifiedByName": "Gopu S.",
      "lastModifiedDate": "1970-01-01T00:00:00.000Z",
      "namespacePrefix": "",
      "type": "SharingRules"
    },
    {
      "createdById": "005dL00000CXt3dQAD",
      "createdByName": "Gopu S.",
      "createdDate": "1970-01-01T00:00:00.000Z",
      "fileName": "sharingRules/WorkStepTemplate.sharingRules",
      "fullName": "WorkStepTemplate",
      "id": "",
      "lastModifiedById": "005dL00000CXt3dQAD",
      "lastModifiedByName": "Gopu S.",
      "lastModifiedDate": "1970-01-01T00:00:00.000Z",
      "namespacePrefix": "",
      "type": "SharingRules"
    },
    {
      "createdById": "005dL00000CXt3dQAD",
      "createdByName": "Gopu S.",
      "createdDate": "1970-01-01T00:00:00.000Z",
      "fileName": "sharingRules/FinanceTransaction.sharingRules",
      "fullName": "FinanceTransaction",
      "id": "",
      "lastModifiedById": "005dL00000CXt3dQAD",
      "lastModifiedByName": "Gopu S.",
      "lastModifiedDate": "1970-01-01T00:00:00.000Z",
      "namespacePrefix": "",
      "type": "SharingRules"
    },
    {
      "createdById": "005dL00000CXt3dQAD",
      "createdByName": "Gopu S.",
      "createdDate": "1970-01-01T00:00:00.000Z",
      "fileName": "sharingRules/LegalEntity.sharingRules",
      "fullName": "LegalEntity",
      "id": "",
      "lastModifiedById": "005dL00000CXt3dQAD",
      "lastModifiedByName": "Gopu S.",
      "lastModifiedDate": "1970-01-01T00:00:00.000Z",
      "namespacePrefix": "",
      "type": "SharingRules"
    },
    {
      "createdById": "005dL00000CXt3dQAD",
      "createdByName": "Gopu S.",
      "createdDate": "1970-01-01T00:00:00.000Z",
      "fileName": "sharingRules/DataUsePurpose.sharingRules",
      "fullName": "DataUsePurpose",
      "id": "",
      "lastModifiedById": "005dL00000CXt3dQAD",
      "lastModifiedByName": "Gopu S.",
      "lastModifiedDate": "1970-01-01T00:00:00.000Z",
      "namespacePrefix": "",
      "type": "SharingRules"
    },
    {
      "createdById": "005dL00000CXt3dQAD",
      "createdByName": "Gopu S.",
      "createdDate": "1970-01-01T00:00:00.000Z",
      "fileName": "sharingRules/RecordMergeHistory.sharingRules",
      "fullName": "RecordMergeHistory",
      "id": "",
      "lastModifiedById": "005dL00000CXt3dQAD",
      "lastModifiedByName": "Gopu S.",
      "lastModifiedDate": "1970-01-01T00:00:00.000Z",
      "namespacePrefix": "",
      "type": "SharingRules"
    },
    {
      "createdById": "005dL00000CXt3dQAD",
      "createdByName": "Gopu S.",
      "createdDate": "1970-01-01T00:00:00.000Z",
      "fileName": "sharingRules/QuickTextUsage.sharingRules",
      "fullName": "QuickTextUsage",
      "id": "",
      "lastModifiedById": "005dL00000CXt3dQAD",
      "lastModifiedByName": "Gopu S.",
      "lastModifiedDate": "1970-01-01T00:00:00.000Z",
      "namespacePrefix": "",
      "type": "SharingRules"
    },
    {
      "createdById": "005dL00000CXt3dQAD",
      "createdByName": "Gopu S.",
      "createdDate": "1970-01-01T00:00:00.000Z",
      "fileName": "sharingRules/DataUseLegalBasis.sharingRules",
      "fullName": "DataUseLegalBasis",
      "id": "",
      "lastModifiedById": "005dL00000CXt3dQAD",
      "lastModifiedByName": "Gopu S.",
      "lastModifiedDate": "1970-01-01T00:00:00.000Z",
      "namespacePrefix": "",
      "type": "SharingRules"
    },
    {
      "createdById": "005dL00000CXt3dQAD",
      "createdByName": "Gopu S.",
      "createdDate": "1970-01-01T00:00:00.000Z",
      "fileName": "sharingRules/UserLocalWebServerIdentity.sharingRules",
      "fullName": "UserLocalWebServerIdentity",
      "id": "",
      "lastModifiedById": "005dL00000CXt3dQAD",
      "lastModifiedByName": "Gopu S.",
      "lastModifiedDate": "1970-01-01T00:00:00.000Z",
      "namespacePrefix": "",
      "type": "SharingRules"
    },
    {
      "createdById": "005dL00000CXt3dQAD",
      "createdByName": "Gopu S.",
      "createdDate": "1970-01-01T00:00:00.000Z",
      "fileName": "sharingRules/AuthorizationFormConsent.sharingRules",
      "fullName": "AuthorizationFormConsent",
      "id": "",
      "lastModifiedById": "005dL00000CXt3dQAD",
      "lastModifiedByName": "Gopu S.",
      "lastModifiedDate": "1970-01-01T00:00:00.000Z",
      "namespacePrefix": "",
      "type": "SharingRules"
    },
    {
      "createdById": "005dL00000CXt3dQAD",
      "createdByName": "Gopu S.",
      "createdDate": "1970-01-01T00:00:00.000Z",
      "fileName": "sharingRules/CalendarView.sharingRules",
      "fullName": "CalendarView",
      "id": "",
      "lastModifiedById": "005dL00000CXt3dQAD",
      "lastModifiedByName": "Gopu S.",
      "lastModifiedDate": "1970-01-01T00:00:00.000Z",
      "namespacePrefix": "",
      "type": "SharingRules"
    },
    {
      "createdById": "005dL00000CXt3dQAD",
      "createdByName": "Gopu S.",
      "createdDate": "1970-01-01T00:00:00.000Z",
      "fileName": "sharingRules/ChangeRequest.sharingRules",
      "fullName": "ChangeRequest",
      "id": "",
      "lastModifiedById": "005dL00000CXt3dQAD",
      "lastModifiedByName": "Gopu S.",
      "lastModifiedDate": "1970-01-01T00:00:00.000Z",
      "namespacePrefix": "",
      "type": "SharingRules"
    },
    {
      "createdById": "005dL00000CXt3dQAD",
      "createdByName": "Gopu S.",
      "createdDate": "1970-01-01T00:00:00.000Z",
      "fileName": "sharingRules/UserDefinedLabelAssignment.sharingRules",
      "fullName": "UserDefinedLabelAssignment",
      "id": "",
      "lastModifiedById": "005dL00000CXt3dQAD",
      "lastModifiedByName": "Gopu S.",
      "lastModifiedDate": "1970-01-01T00:00:00.000Z",
      "namespacePrefix": "",
      "type": "SharingRules"
    },
    {
      "createdById": "005dL00000CXt3dQAD",
      "createdByName": "Gopu S.",
      "createdDate": "1970-01-01T00:00:00.000Z",
      "fileName": "sharingRules/UserPrioritizedRecord.sharingRules",
      "fullName": "UserPrioritizedRecord",
      "id": "",
      "lastModifiedById": "005dL00000CXt3dQAD",
      "lastModifiedByName": "Gopu S.",
      "lastModifiedDate": "1970-01-01T00:00:00.000Z",
      "namespacePrefix": "",
      "type": "SharingRules"
    },
    {
      "createdById": "005dL00000CXt3dQAD",
      "createdByName": "Gopu S.",
      "createdDate": "1970-01-01T00:00:00.000Z",
      "fileName": "sharingRules/CommSubscriptionChannelType.sharingRules",
      "fullName": "CommSubscriptionChannelType",
      "id": "",
      "lastModifiedById": "005dL00000CXt3dQAD",
      "lastModifiedByName": "Gopu S.",
      "lastModifiedDate": "1970-01-01T00:00:00.000Z",
      "namespacePrefix": "",
      "type": "SharingRules"
    },
    {
      "createdById": "005dL00000CXt3dQAD",
      "createdByName": "Gopu S.",
      "createdDate": "1970-01-01T00:00:00.000Z",
      "fileName": "sharingRules/AssistantProgress.sharingRules",
      "fullName": "AssistantProgress",
      "id": "",
      "lastModifiedById": "005dL00000CXt3dQAD",
      "lastModifiedByName": "Gopu S.",
      "lastModifiedDate": "1970-01-01T00:00:00.000Z",
      "namespacePrefix": "",
      "type": "SharingRules"
    },
    {
      "createdById": "005dL00000CXt3dQAD",
      "createdByName": "Gopu S.",
      "createdDate": "1970-01-01T00:00:00.000Z",
      "fileName": "sharingRules/FlowInterview.sharingRules",
      "fullName": "FlowInterview",
      "id": "",
      "lastModifiedById": "005dL00000CXt3dQAD",
      "lastModifiedByName": "Gopu S.",
      "lastModifiedDate": "1970-01-01T00:00:00.000Z",
      "namespacePrefix": "",
      "type": "SharingRules"
    },
    {
      "createdById": "005dL00000CXt3dQAD",
      "createdByName": "Gopu S.",
      "createdDate": "1970-01-01T00:00:00.000Z",
      "fileName": "sharingRules/ContactPointConsent.sharingRules",
      "fullName": "ContactPointConsent",
      "id": "",
      "lastModifiedById": "005dL00000CXt3dQAD",
      "lastModifiedByName": "Gopu S.",
      "lastModifiedDate": "1970-01-01T00:00:00.000Z",
      "namespacePrefix": "",
      "type": "SharingRules"
    },
    {
      "createdById": "005dL00000CXt3dQAD",
      "createdByName": "Gopu S.",
      "createdDate": "1970-01-01T00:00:00.000Z",
      "fileName": "sharingRules/StreamingChannel.sharingRules",
      "fullName": "StreamingChannel",
      "id": "",
      "lastModifiedById": "005dL00000CXt3dQAD",
      "lastModifiedByName": "Gopu S.",
      "lastModifiedDate": "1970-01-01T00:00:00.000Z",
      "namespacePrefix": "",
      "type": "SharingRules"
    },
    {
      "createdById": "005dL00000CXt3dQAD",
      "createdByName": "Gopu S.",
      "createdDate": "1970-01-01T00:00:00.000Z",
      "fileName": "sharingRules/UserProvisioningRequest.sharingRules",
      "fullName": "UserProvisioningRequest",
      "id": "",
      "lastModifiedById": "005dL00000CXt3dQAD",
      "lastModifiedByName": "Gopu S.",
      "lastModifiedDate": "1970-01-01T00:00:00.000Z",
      "namespacePrefix": "",
      "type": "SharingRules"
    },
    {
      "createdById": "005dL00000CXt3dQAD",
      "createdByName": "Gopu S.",
      "createdDate": "1970-01-01T00:00:00.000Z",
      "fileName": "sharingRules/CleanLeadBackup.sharingRules",
      "fullName": "CleanLeadBackup",
      "id": "",
      "lastModifiedById": "005dL00000CXt3dQAD",
      "lastModifiedByName": "Gopu S.",
      "lastModifiedDate": "1970-01-01T00:00:00.000Z",
      "namespacePrefix": "",
      "type": "SharingRules"
    },
    {
      "createdById": "005dL00000CXt3dQAD",
      "createdByName": "Gopu S.",
      "createdDate": "1970-01-01T00:00:00.000Z",
      "fileName": "sharingRules/FlowOrchestrationStageInstance.sharingRules",
      "fullName": "FlowOrchestrationStageInstance",
      "id": "",
      "lastModifiedById": "005dL00000CXt3dQAD",
      "lastModifiedByName": "Gopu S.",
      "lastModifiedDate": "1970-01-01T00:00:00.000Z",
      "namespacePrefix": "",
      "type": "SharingRules"
    },
    {
      "createdById": "005dL00000CXt3dQAD",
      "createdByName": "Gopu S.",
      "createdDate": "1970-01-01T00:00:00.000Z",
      "fileName": "sharingRules/Individual.sharingRules",
      "fullName": "Individual",
      "id": "",
      "lastModifiedById": "005dL00000CXt3dQAD",
      "lastModifiedByName": "Gopu S.",
      "lastModifiedDate": "1970-01-01T00:00:00.000Z",
      "namespacePrefix": "",
      "type": "SharingRules"
    },
    {
      "createdById": "005dL00000CXt3dQAD",
      "createdByName": "Gopu S.",
      "createdDate": "1970-01-01T00:00:00.000Z",
      "fileName": "sharingRules/Problem.sharingRules",
      "fullName": "Problem",
      "id": "",
      "lastModifiedById": "005dL00000CXt3dQAD",
      "lastModifiedByName": "Gopu S.",
      "lastModifiedDate": "1970-01-01T00:00:00.000Z",
      "namespacePrefix": "",
      "type": "SharingRules"
    },
    {
      "createdById": "005dL00000CXt3dQAD",
      "createdByName": "Gopu S.",
      "createdDate": "1970-01-01T00:00:00.000Z",
      "fileName": "sharingRules/Scorecard.sharingRules",
      "fullName": "Scorecard",
      "id": "",
      "lastModifiedById": "005dL00000CXt3dQAD",
      "lastModifiedByName": "Gopu S.",
      "lastModifiedDate": "1970-01-01T00:00:00.000Z",
      "namespacePrefix": "",
      "type": "SharingRules"
    },
    {
      "createdById": "005dL00000CXt3dQAD",
      "createdByName": "Gopu S.",
      "createdDate": "1970-01-01T00:00:00.000Z",
      "fileName": "sharingRules/Product2.sharingRules",
      "fullName": "Product2",
      "id": "",
      "lastModifiedById": "005dL00000CXt3dQAD",
      "lastModifiedByName": "Gopu S.",
      "lastModifiedDate": "1970-01-01T00:00:00.000Z",
      "namespacePrefix": "",
      "type": "SharingRules"
    },
    {
      "createdById": "005dL00000CXt3dQAD",
      "createdByName": "Gopu S.",
      "createdDate": "1970-01-01T00:00:00.000Z",
      "fileName": "sharingRules/Incident.sharingRules",
      "fullName": "Incident",
      "id": "",
      "lastModifiedById": "005dL00000CXt3dQAD",
      "lastModifiedByName": "Gopu S.",
      "lastModifiedDate": "1970-01-01T00:00:00.000Z",
      "namespacePrefix": "",
      "type": "SharingRules"
    },
    {
      "createdById": "005dL00000CXt3dQAD",
      "createdByName": "Gopu S.",
      "createdDate": "1970-01-01T00:00:00.000Z",
      "fileName": "sharingRules/FlowOrchestrationStepInstance.sharingRules",
      "fullName": "FlowOrchestrationStepInstance",
      "id": "",
      "lastModifiedById": "005dL00000CXt3dQAD",
      "lastModifiedByName": "Gopu S.",
      "lastModifiedDate": "1970-01-01T00:00:00.000Z",
      "namespacePrefix": "",
      "type": "SharingRules"
    },
    {
      "createdById": "005dL00000CXt3dQAD",
      "createdByName": "Gopu S.",
      "createdDate": "1970-01-01T00:00:00.000Z",
      "fileName": "sharingRules/FlowTestResult.sharingRules",
      "fullName": "FlowTestResult",
      "id": "",
      "lastModifiedById": "005dL00000CXt3dQAD",
      "lastModifiedByName": "Gopu S.",
      "lastModifiedDate": "1970-01-01T00:00:00.000Z",
      "namespacePrefix": "",
      "type": "SharingRules"
    },
    {
      "createdById": "005dL00000CXt3dQAD",
      "createdByName": "Gopu S.",
      "createdDate": "1970-01-01T00:00:00.000Z",
      "fileName": "sharingRules/Macro.sharingRules",
      "fullName": "Macro",
      "id": "",
      "lastModifiedById": "005dL00000CXt3dQAD",
      "lastModifiedByName": "Gopu S.",
      "lastModifiedDate": "1970-01-01T00:00:00.000Z",
      "namespacePrefix": "",
      "type": "SharingRules"
    },
    {
      "createdById": "005dL00000CXt3dQAD",
      "createdByName": "Gopu S.",
      "createdDate": "1970-01-01T00:00:00.000Z",
      "fileName": "sharingRules/WorkAccess.sharingRules",
      "fullName": "WorkAccess",
      "id": "",
      "lastModifiedById": "005dL00000CXt3dQAD",
      "lastModifiedByName": "Gopu S.",
      "lastModifiedDate": "1970-01-01T00:00:00.000Z",
      "namespacePrefix": "",
      "type": "SharingRules"
    },
    {
      "createdById": "005dL00000CXt3dQAD",
      "createdByName": "Gopu S.",
      "createdDate": "2025-02-25T17:05:01.000Z",
      "fileName": "sharingRules/Project__c.sharingRules",
      "fullName": "Project__c",
      "id": "01IdL000004P2dpUAC",
      "lastModifiedById": "005dL00000CXt3dQAD",
      "lastModifiedByName": "Gopu S.",
      "lastModifiedDate": "2025-02-25T17:05:01.000Z",
      "manageableState": "unmanaged",
      "type": "SharingRules"
    },
    {
      "createdById": "005dL00000CXt3dQAD",
      "createdByName": "Gopu S.",
      "createdDate": "1970-01-01T00:00:00.000Z",
      "fileName": "sharingRules/ActivityRecurrence2Exception.sharingRules",
      "fullName": "ActivityRecurrence2Exception",
      "id": "",
      "lastModifiedById": "005dL00000CXt3dQAD",
      "lastModifiedByName": "Gopu S.",
      "lastModifiedDate": "1970-01-01T00:00:00.000Z",
      "namespacePrefix": "",
      "type": "SharingRules"
    },
    {
      "createdById": "005dL00000CXt3dQAD",
      "createdByName": "Gopu S.",
      "createdDate": "1970-01-01T00:00:00.000Z",
      "fileName": "sharingRules/UserDefinedLabel.sharingRules",
      "fullName": "UserDefinedLabel",
      "id": "",
      "lastModifiedById": "005dL00000CXt3dQAD",
      "lastModifiedByName": "Gopu S.",
      "lastModifiedDate": "1970-01-01T00:00:00.000Z",
      "namespacePrefix": "",
      "type": "SharingRules"
    },
    {
      "createdById": "005dL00000CXt3dQAD",
      "createdByName": "Gopu S.",
      "createdDate": "1970-01-01T00:00:00.000Z",
      "fileName": "sharingRules/TableauHostMapping.sharingRules",
      "fullName": "TableauHostMapping",
      "id": "",
      "lastModifiedById": "005dL00000CXt3dQAD",
      "lastModifiedByName": "Gopu S.",
      "lastModifiedDate": "1970-01-01T00:00:00.000Z",
      "namespacePrefix": "",
      "type": "SharingRules"
    },
    {
      "createdById": "005dL00000CXt3dQAD",
      "createdByName": "Gopu S.",
      "createdDate": "1970-01-01T00:00:00.000Z",
      "fileName": "sharingRules/UserExternalCredential.sharingRules",
      "fullName": "UserExternalCredential",
      "id": "",
      "lastModifiedById": "005dL00000CXt3dQAD",
      "lastModifiedByName": "Gopu S.",
      "lastModifiedDate": "1970-01-01T00:00:00.000Z",
      "namespacePrefix": "",
      "type": "SharingRules"
    },
    {
      "createdById": "005dL00000CXt3dQAD",
      "createdByName": "Gopu S.",
      "createdDate": "1970-01-01T00:00:00.000Z",
      "fileName": "sharingRules/Location.sharingRules",
      "fullName": "Location",
      "id": "",
      "lastModifiedById": "005dL00000CXt3dQAD",
      "lastModifiedByName": "Gopu S.",
      "lastModifiedDate": "1970-01-01T00:00:00.000Z",
      "namespacePrefix": "",
      "type": "SharingRules"
    },
    {
      "createdById": "005dL00000CXt3dQAD",
      "createdByName": "Gopu S.",
      "createdDate": "1970-01-01T00:00:00.000Z",
      "fileName": "sharingRules/StreamActivityAccess.sharingRules",
      "fullName": "StreamActivityAccess",
      "id": "",
      "lastModifiedById": "005dL00000CXt3dQAD",
      "lastModifiedByName": "Gopu S.",
      "lastModifiedDate": "1970-01-01T00:00:00.000Z",
      "namespacePrefix": "",
      "type": "SharingRules"
    },
    {
      "createdById": "005dL00000CXt3dQAD",
      "createdByName": "Gopu S.",
      "createdDate": "1970-01-01T00:00:00.000Z",
      "fileName": "sharingRules/ActivityRecurrence2.sharingRules",
      "fullName": "ActivityRecurrence2",
      "id": "",
      "lastModifiedById": "005dL00000CXt3dQAD",
      "lastModifiedByName": "Gopu S.",
      "lastModifiedDate": "1970-01-01T00:00:00.000Z",
      "namespacePrefix": "",
      "type": "SharingRules"
    },
    {
      "createdById": "005dL00000CXt3dQAD",
      "createdByName": "Gopu S.",
      "createdDate": "1970-01-01T00:00:00.000Z",
      "fileName": "sharingRules/TodayGoal.sharingRules",
      "fullName": "TodayGoal",
      "id": "",
      "lastModifiedById": "005dL00000CXt3dQAD",
      "lastModifiedByName": "Gopu S.",
      "lastModifiedDate": "1970-01-01T00:00:00.000Z",
      "namespacePrefix": "",
      "type": "SharingRules"
    },
    {
      "createdById": "005dL00000CXt3dQAD",
      "createdByName": "Gopu S.",
      "createdDate": "1970-01-01T00:00:00.000Z",
      "fileName": "sharingRules/ApprovalSubmission.sharingRules",
      "fullName": "ApprovalSubmission",
      "id": "",
      "lastModifiedById": "005dL00000CXt3dQAD",
      "lastModifiedByName": "Gopu S.",
      "lastModifiedDate": "1970-01-01T00:00:00.000Z",
      "namespacePrefix": "",
      "type": "SharingRules"
    },
    {
      "createdById": "005dL00000CXt3dQAD",
      "createdByName": "Gopu S.",
      "createdDate": "1970-01-01T00:00:00.000Z",
      "fileName": "sharingRules/WorkThanks.sharingRules",
      "fullName": "WorkThanks",
      "id": "",
      "lastModifiedById": "005dL00000CXt3dQAD",
      "lastModifiedByName": "Gopu S.",
      "lastModifiedDate": "1970-01-01T00:00:00.000Z",
      "namespacePrefix": "",
      "type": "SharingRules"
    },
    {
      "createdById": "005dL00000CXt3dQAD",
      "createdByName": "Gopu S.",
      "createdDate": "1970-01-01T00:00:00.000Z",
      "fileName": "sharingRules/UserCapabilityPreference.sharingRules",
      "fullName": "UserCapabilityPreference",
      "id": "",
      "lastModifiedById": "005dL00000CXt3dQAD",
      "lastModifiedByName": "Gopu S.",
      "lastModifiedDate": "1970-01-01T00:00:00.000Z",
      "namespacePrefix": "",
      "type": "SharingRules"
    },
    {
      "createdById": "005dL00000CXt3dQAD",
      "createdByName": "Gopu S.",
      "createdDate": "1970-01-01T00:00:00.000Z",
      "fileName": "sharingRules/AuthorizationFormDataUse.sharingRules",
      "fullName": "AuthorizationFormDataUse",
      "id": "",
      "lastModifiedById": "005dL00000CXt3dQAD",
      "lastModifiedByName": "Gopu S.",
      "lastModifiedDate": "1970-01-01T00:00:00.000Z",
      "namespacePrefix": "",
      "type": "SharingRules"
    },
    {
      "createdById": "005dL00000CXt3dQAD",
      "createdByName": "Gopu S.",
      "createdDate": "1970-01-01T00:00:00.000Z",
      "fileName": "sharingRules/ConversationApiLog.sharingRules",
      "fullName": "ConversationApiLog",
      "id": "",
      "lastModifiedById": "005dL00000CXt3dQAD",
      "lastModifiedByName": "Gopu S.",
      "lastModifiedDate": "1970-01-01T00:00:00.000Z",
      "namespacePrefix": "",
      "type": "SharingRules"
    },
    {
      "createdById": "005dL00000CXt3dQAD",
      "createdByName": "Gopu S.",
      "createdDate": "1970-01-01T00:00:00.000Z",
      "fileName": "sharingRules/Case.sharingRules",
      "fullName": "Case",
      "id": "",
      "lastModifiedById": "005dL00000CXt3dQAD",
      "lastModifiedByName": "Gopu S.",
      "lastModifiedDate": "1970-01-01T00:00:00.000Z",
      "namespacePrefix": "",
      "type": "SharingRules"
    },
    {
      "createdById": "005dL00000CXt3dQAD",
      "createdByName": "Gopu S.",
      "createdDate": "1970-01-01T00:00:00.000Z",
      "fileName": "sharingRules/AuthorizationForm.sharingRules",
      "fullName": "AuthorizationForm",
      "id": "",
      "lastModifiedById": "005dL00000CXt3dQAD",
      "lastModifiedByName": "Gopu S.",
      "lastModifiedDate": "1970-01-01T00:00:00.000Z",
      "namespacePrefix": "",
      "type": "SharingRules"
    },
    {
      "createdById": "005dL00000CXt3dQAD",
      "createdByName": "Gopu S.",
      "createdDate": "1970-01-01T00:00:00.000Z",
      "fileName": "sharingRules/PartyConsent.sharingRules",
      "fullName": "PartyConsent",
      "id": "",
      "lastModifiedById": "005dL00000CXt3dQAD",
      "lastModifiedByName": "Gopu S.",
      "lastModifiedDate": "1970-01-01T00:00:00.000Z",
      "namespacePrefix": "",
      "type": "SharingRules"
    },
    {
      "createdById": "005dL00000CXt3dQAD",
      "createdByName": "Gopu S.",
      "createdDate": "1970-01-01T00:00:00.000Z",
      "fileName": "sharingRules/ExchangeUserMapping.sharingRules",
      "fullName": "ExchangeUserMapping",
      "id": "",
      "lastModifiedById": "005dL00000CXt3dQAD",
      "lastModifiedByName": "Gopu S.",
      "lastModifiedDate": "1970-01-01T00:00:00.000Z",
      "namespacePrefix": "",
      "type": "SharingRules"
    },
    {
      "createdById": "005dL00000CXt3dQAD",
      "createdByName": "Gopu S.",
      "createdDate": "1970-01-01T00:00:00.000Z",
      "fileName": "sharingRules/Customer.sharingRules",
      "fullName": "Customer",
      "id": "",
      "lastModifiedById": "005dL00000CXt3dQAD",
      "lastModifiedByName": "Gopu S.",
      "lastModifiedDate": "1970-01-01T00:00:00.000Z",
      "namespacePrefix": "",
      "type": "SharingRules"
    },
    {
      "createdById": "005dL00000CXt3dQAD",
      "createdByName": "Gopu S.",
      "createdDate": "1970-01-01T00:00:00.000Z",
      "fileName": "sharingRules/FlowOrchestrationWorkItem.sharingRules",
      "fullName": "FlowOrchestrationWorkItem",
      "id": "",
      "lastModifiedById": "005dL00000CXt3dQAD",
      "lastModifiedByName": "Gopu S.",
      "lastModifiedDate": "1970-01-01T00:00:00.000Z",
      "namespacePrefix": "",
      "type": "SharingRules"
    },
    {
      "createdById": "005dL00000CXt3dQAD",
      "createdByName": "Gopu S.",
      "createdDate": "1970-01-01T00:00:00.000Z",
      "fileName": "sharingRules/LocationGroup.sharingRules",
      "fullName": "LocationGroup",
      "id": "",
      "lastModifiedById": "005dL00000CXt3dQAD",
      "lastModifiedByName": "Gopu S.",
      "lastModifiedDate": "1970-01-01T00:00:00.000Z",
      "namespacePrefix": "",
      "type": "SharingRules"
    },
    {
      "createdById": "005dL00000CXt3dQAD",
      "createdByName": "Gopu S.",
      "createdDate": "1970-01-01T00:00:00.000Z",
      "fileName": "sharingRules/Invoice.sharingRules",
      "fullName": "Invoice",
      "id": "",
      "lastModifiedById": "005dL00000CXt3dQAD",
      "lastModifiedByName": "Gopu S.",
      "lastModifiedDate": "1970-01-01T00:00:00.000Z",
      "namespacePrefix": "",
      "type": "SharingRules"
    },
    {
      "createdById": "005dL00000CXt3dQAD",
      "createdByName": "Gopu S.",
      "createdDate": "1970-01-01T00:00:00.000Z",
      "fileName": "sharingRules/Order.sharingRules",
      "fullName": "Order",
      "id": "",
      "lastModifiedById": "005dL00000CXt3dQAD",
      "lastModifiedByName": "Gopu S.",
      "lastModifiedDate": "1970-01-01T00:00:00.000Z",
      "namespacePrefix": "",
      "type": "SharingRules"
    },
    {
      "createdById": "005dL00000CXt3dQAD",
      "createdByName": "Gopu S.",
      "createdDate": "1970-01-01T00:00:00.000Z",
      "fileName": "sharingRules/AlternativePaymentMethod.sharingRules",
      "fullName": "AlternativePaymentMethod",
      "id": "",
      "lastModifiedById": "005dL00000CXt3dQAD",
      "lastModifiedByName": "Gopu S.",
      "lastModifiedDate": "1970-01-01T00:00:00.000Z",
      "namespacePrefix": "",
      "type": "SharingRules"
    },
    {
      "createdById": "005dL00000CXt3dQAD",
      "createdByName": "Gopu S.",
      "createdDate": "1970-01-01T00:00:00.000Z",
      "fileName": "sharingRules/Contact.sharingRules",
      "fullName": "Contact",
      "id": "",
      "lastModifiedById": "005dL00000CXt3dQAD",
      "lastModifiedByName": "Gopu S.",
      "lastModifiedDate": "1970-01-01T00:00:00.000Z",
      "namespacePrefix": "",
      "type": "SharingRules"
    },
    {
      "createdById": "005dL00000CXt3dQAD",
      "createdByName": "Gopu S.",
      "createdDate": "1970-01-01T00:00:00.000Z",
      "fileName": "sharingRules/CreditMemo.sharingRules",
      "fullName": "CreditMemo",
      "id": "",
      "lastModifiedById": "005dL00000CXt3dQAD",
      "lastModifiedByName": "Gopu S.",
      "lastModifiedDate": "1970-01-01T00:00:00.000Z",
      "namespacePrefix": "",
      "type": "SharingRules"
    },
    {
      "createdById": "005dL00000CXt3dQAD",
      "createdByName": "Gopu S.",
      "createdDate": "1970-01-01T00:00:00.000Z",
      "fileName": "sharingRules/CommSubscription.sharingRules",
      "fullName": "CommSubscription",
      "id": "",
      "lastModifiedById": "005dL00000CXt3dQAD",
      "lastModifiedByName": "Gopu S.",
      "lastModifiedDate": "1970-01-01T00:00:00.000Z",
      "namespacePrefix": "",
      "type": "SharingRules"
    },
    {
      "createdById": "005dL00000CXt3dQAD",
      "createdByName": "Gopu S.",
      "createdDate": "1970-01-01T00:00:00.000Z",
      "fileName": "sharingRules/CommSubscriptionConsent.sharingRules",
      "fullName": "CommSubscriptionConsent",
      "id": "",
      "lastModifiedById": "005dL00000CXt3dQAD",
      "lastModifiedByName": "Gopu S.",
      "lastModifiedDate": "1970-01-01T00:00:00.000Z",
      "namespacePrefix": "",
      "type": "SharingRules"
    },
    {
      "createdById": "005dL00000CXt3dQAD",
      "createdByName": "Gopu S.",
      "createdDate": "1970-01-01T00:00:00.000Z",
      "fileName": "sharingRules/CalendarModel.sharingRules",
      "fullName": "CalendarModel",
      "id": "",
      "lastModifiedById": "005dL00000CXt3dQAD",
      "lastModifiedByName": "Gopu S.",
      "lastModifiedDate": "1970-01-01T00:00:00.000Z",
      "namespacePrefix": "",
      "type": "SharingRules"
    },
    {
      "createdById": "005dL00000CXt3dQAD",
      "createdByName": "Gopu S.",
      "createdDate": "1970-01-01T00:00:00.000Z",
      "fileName": "sharingRules/ContactRequest.sharingRules",
      "fullName": "ContactRequest",
      "id": "",
      "lastModifiedById": "005dL00000CXt3dQAD",
      "lastModifiedByName": "Gopu S.",
      "lastModifiedDate": "1970-01-01T00:00:00.000Z",
      "namespacePrefix": "",
      "type": "SharingRules"
    },
    {
      "createdById": "005dL00000CXt3dQAD",
      "createdByName": "Gopu S.",
      "createdDate": "1970-01-01T00:00:00.000Z",
      "fileName": "sharingRules/BatchJob.sharingRules",
      "fullName": "BatchJob",
      "id": "",
      "lastModifiedById": "005dL00000CXt3dQAD",
      "lastModifiedByName": "Gopu S.",
      "lastModifiedDate": "1970-01-01T00:00:00.000Z",
      "namespacePrefix": "",
      "type": "SharingRules"
    },
    {
      "createdById": "005dL00000CXt3dQAD",
      "createdByName": "Gopu S.",
      "createdDate": "1970-01-01T00:00:00.000Z",
      "fileName": "sharingRules/FlowOrchestrationInstance.sharingRules",
      "fullName": "FlowOrchestrationInstance",
      "id": "",
      "lastModifiedById": "005dL00000CXt3dQAD",
      "lastModifiedByName": "Gopu S.",
      "lastModifiedDate": "1970-01-01T00:00:00.000Z",
      "namespacePrefix": "",
      "type": "SharingRules"
    },
    {
      "createdById": "005dL00000CXt3dQAD",
      "createdByName": "Gopu S.",
      "createdDate": "1970-01-01T00:00:00.000Z",
      "fileName": "sharingRules/PrivacyRTBFRequest.sharingRules",
      "fullName": "PrivacyRTBFRequest",
      "id": "",
      "lastModifiedById": "005dL00000CXt3dQAD",
      "lastModifiedByName": "Gopu S.",
      "lastModifiedDate": "1970-01-01T00:00:00.000Z",
      "namespacePrefix": "",
      "type": "SharingRules"
    },
    {
      "createdById": "005dL00000CXt3dQAD",
      "createdByName": "Gopu S.",
      "createdDate": "1970-01-01T00:00:00.000Z",
      "fileName": "sharingRules/ReportResultBlob.sharingRules",
      "fullName": "ReportResultBlob",
      "id": "",
      "lastModifiedById": "005dL00000CXt3dQAD",
      "lastModifiedByName": "Gopu S.",
      "lastModifiedDate": "1970-01-01T00:00:00.000Z",
      "namespacePrefix": "",
      "type": "SharingRules"
    },
    {
      "createdById": "005dL00000CXt3dQAD",
      "createdByName": "Gopu S.",
      "createdDate": "1970-01-01T00:00:00.000Z",
      "fileName": "sharingRules/Seller.sharingRules",
      "fullName": "Seller",
      "id": "",
      "lastModifiedById": "005dL00000CXt3dQAD",
      "lastModifiedByName": "Gopu S.",
      "lastModifiedDate": "1970-01-01T00:00:00.000Z",
      "namespacePrefix": "",
      "type": "SharingRules"
    },
    {
      "createdById": "005dL00000CXt3dQAD",
      "createdByName": "Gopu S.",
      "createdDate": "2025-02-25T17:05:58.000Z",
      "fileName": "sharingRules/Employee__c.sharingRules",
      "fullName": "Employee__c",
      "id": "01IdL000004OxsgUAC",
      "lastModifiedById": "005dL00000CXt3dQAD",
      "lastModifiedByName": "Gopu S.",
      "lastModifiedDate": "2025-02-25T17:05:58.000Z",
      "manageableState": "unmanaged",
      "type": "SharingRules"
    },
    {
      "createdById": "005dL00000CXt3dQAD",
      "createdByName": "Gopu S.",
      "createdDate": "1970-01-01T00:00:00.000Z",
      "fileName": "sharingRules/FlowInterviewLog.sharingRules",
      "fullName": "FlowInterviewLog",
      "id": "",
      "lastModifiedById": "005dL00000CXt3dQAD",
      "lastModifiedByName": "Gopu S.",
      "lastModifiedDate": "1970-01-01T00:00:00.000Z",
      "namespacePrefix": "",
      "type": "SharingRules"
    },
    {
      "createdById": "005dL00000CXt3dQAD",
      "createdByName": "Gopu S.",
      "createdDate": "1970-01-01T00:00:00.000Z",
      "fileName": "sharingRules/Opportunity.sharingRules",
      "fullName": "Opportunity",
      "id": "",
      "lastModifiedById": "005dL00000CXt3dQAD",
      "lastModifiedByName": "Gopu S.",
      "lastModifiedDate": "1970-01-01T00:00:00.000Z",
      "namespacePrefix": "",
      "type": "SharingRules"
    },
    {
      "createdById": "005dL00000CXt3dQAD",
      "createdByName": "Gopu S.",
      "createdDate": "1970-01-01T00:00:00.000Z",
      "fileName": "sharingRules/FinanceBalanceSnapshot.sharingRules",
      "fullName": "FinanceBalanceSnapshot",
      "id": "",
      "lastModifiedById": "005dL00000CXt3dQAD",
      "lastModifiedByName": "Gopu S.",
      "lastModifiedDate": "1970-01-01T00:00:00.000Z",
      "namespacePrefix": "",
      "type": "SharingRules"
    },
    {
      "createdById": "005dL00000CXt3dQAD",
      "createdByName": "Gopu S.",
      "createdDate": "1970-01-01T00:00:00.000Z",
      "fileName": "sharingRules/DataMaskCustomValueLibrary.sharingRules",
      "fullName": "DataMaskCustomValueLibrary",
      "id": "",
      "lastModifiedById": "005dL00000CXt3dQAD",
      "lastModifiedByName": "Gopu S.",
      "lastModifiedDate": "1970-01-01T00:00:00.000Z",
      "namespacePrefix": "",
      "type": "SharingRules"
    },
    {
      "createdById": "005dL00000CXt3dQAD",
      "createdByName": "Gopu S.",
      "createdDate": "1970-01-01T00:00:00.000Z",
      "fileName": "sharingRules/MacroUsage.sharingRules",
      "fullName": "MacroUsage",
      "id": "",
      "lastModifiedById": "005dL00000CXt3dQAD",
      "lastModifiedByName": "Gopu S.",
      "lastModifiedDate": "1970-01-01T00:00:00.000Z",
      "namespacePrefix": "",
      "type": "SharingRules"
    },
    {
      "createdById": "005dL00000CXt3dQAD",
      "createdByName": "Gopu S.",
      "createdDate": "1970-01-01T00:00:00.000Z",
      "fileName": "sharingRules/BusinessBrand.sharingRules",
      "fullName": "BusinessBrand",
      "id": "",
      "lastModifiedById": "005dL00000CXt3dQAD",
      "lastModifiedByName": "Gopu S.",
      "lastModifiedDate": "1970-01-01T00:00:00.000Z",
      "namespacePrefix": "",
      "type": "SharingRules"
    },
    {
      "createdById": "005dL00000CXt3dQAD",
      "createdByName": "Gopu S.",
      "createdDate": "1970-01-01T00:00:00.000Z",
      "fileName": "sharingRules/UserEmailPreferredPerson.sharingRules",
      "fullName": "UserEmailPreferredPerson",
      "id": "",
      "lastModifiedById": "005dL00000CXt3dQAD",
      "lastModifiedByName": "Gopu S.",
      "lastModifiedDate": "1970-01-01T00:00:00.000Z",
      "namespacePrefix": "",
      "type": "SharingRules"
    },
    {
      "createdById": "005dL00000CXt3dQAD",
      "createdByName": "Gopu S.",
      "createdDate": "1970-01-01T00:00:00.000Z",
      "fileName": "sharingRules/ListEmail.sharingRules",
      "fullName": "ListEmail",
      "id": "",
      "lastModifiedById": "005dL00000CXt3dQAD",
      "lastModifiedByName": "Gopu S.",
      "lastModifiedDate": "1970-01-01T00:00:00.000Z",
      "namespacePrefix": "",
      "type": "SharingRules"
    },
    {
      "createdById": "005dL00000CXt3dQAD",
      "createdByName": "Gopu S.",
      "createdDate": "1970-01-01T00:00:00.000Z",
      "fileName": "sharingRules/Lead.sharingRules",
      "fullName": "Lead",
      "id": "",
      "lastModifiedById": "005dL00000CXt3dQAD",
      "lastModifiedByName": "Gopu S.",
      "lastModifiedDate": "1970-01-01T00:00:00.000Z",
      "namespacePrefix": "",
      "type": "SharingRules"
    },
    {
      "createdById": "005dL00000CXt3dQAD",
      "createdByName": "Gopu S.",
      "createdDate": "1970-01-01T00:00:00.000Z",
      "fileName": "sharingRules/QuickText.sharingRules",
      "fullName": "QuickText",
      "id": "",
      "lastModifiedById": "005dL00000CXt3dQAD",
      "lastModifiedByName": "Gopu S.",
      "lastModifiedDate": "1970-01-01T00:00:00.000Z",
      "namespacePrefix": "",
      "type": "SharingRules"
    },
    {
      "createdById": "005dL00000CXt3dQAD",
      "createdByName": "Gopu S.",
      "createdDate": "1970-01-01T00:00:00.000Z",
      "fileName": "sharingRules/ExternalEventMapping.sharingRules",
      "fullName": "ExternalEventMapping",
      "id": "",
      "lastModifiedById": "005dL00000CXt3dQAD",
      "lastModifiedByName": "Gopu S.",
      "lastModifiedDate": "1970-01-01T00:00:00.000Z",
      "namespacePrefix": "",
      "type": "SharingRules"
    },
    {
      "createdById": "005dL00000CXt3dQAD",
      "createdByName": "Gopu S.",
      "createdDate": "2025-02-25T17:07:29.000Z",
      "fileName": "sharingRules/Time_Log__c.sharingRules",
      "fullName": "Time_Log__c",
      "id": "01IdL000004P2fRUAS",
      "lastModifiedById": "005dL00000CXt3dQAD",
      "lastModifiedByName": "Gopu S.",
      "lastModifiedDate": "2025-02-26T09:23:39.000Z",
      "manageableState": "unmanaged",
      "type": "SharingRules"
    },
    {
      "createdById": "005dL00000CXt3dQAD",
      "createdByName": "Gopu S.",
      "createdDate": "1970-01-01T00:00:00.000Z",
      "fileName": "sharingRules/User.sharingRules",
      "fullName": "User",
      "id": "",
      "lastModifiedById": "005dL00000CXt3dQAD",
      "lastModifiedByName": "Gopu S.",
      "lastModifiedDate": "1970-01-01T00:00:00.000Z",
      "namespacePrefix": "",
      "type": "SharingRules"
    },
    {
      "createdById": "005dL00000CXt3dQAD",
      "createdByName": "Gopu S.",
      "createdDate": "1970-01-01T00:00:00.000Z",
      "fileName": "sharingRules/WorkPlan.sharingRules",
      "fullName": "WorkPlan",
      "id": "",
      "lastModifiedById": "005dL00000CXt3dQAD",
      "lastModifiedByName": "Gopu S.",
      "lastModifiedDate": "1970-01-01T00:00:00.000Z",
      "namespacePrefix": "",
      "type": "SharingRules"
    },
    {
      "createdById": "005dL00000CXt3dQAD",
      "createdByName": "Gopu S.",
      "createdDate": "1970-01-01T00:00:00.000Z",
      "fileName": "sharingRules/PromptAction.sharingRules",
      "fullName": "PromptAction",
      "id": "",
      "lastModifiedById": "005dL00000CXt3dQAD",
      "lastModifiedByName": "Gopu S.",
      "lastModifiedDate": "1970-01-01T00:00:00.000Z",
      "namespacePrefix": "",
      "type": "SharingRules"
    },
    {
      "createdById": "005dL00000CXt3dQAD",
      "createdByName": "Gopu S.",
      "createdDate": "1970-01-01T00:00:00.000Z",
      "fileName": "sharingRules/ProcessException.sharingRules",
      "fullName": "ProcessException",
      "id": "",
      "lastModifiedById": "005dL00000CXt3dQAD",
      "lastModifiedByName": "Gopu S.",
      "lastModifiedDate": "1970-01-01T00:00:00.000Z",
      "namespacePrefix": "",
      "type": "SharingRules"
    },
    {
      "createdById": "005dL00000CXt3dQAD",
      "createdByName": "Gopu S.",
      "createdDate": "1970-01-01T00:00:00.000Z",
      "fileName": "sharingRules/ConsumptionSchedule.sharingRules",
      "fullName": "ConsumptionSchedule",
      "id": "",
      "lastModifiedById": "005dL00000CXt3dQAD",
      "lastModifiedByName": "Gopu S.",
      "lastModifiedDate": "1970-01-01T00:00:00.000Z",
      "namespacePrefix": "",
      "type": "SharingRules"
    },
    {
      "createdById": "005dL00000CXt3dQAD",
      "createdByName": "Gopu S.",
      "createdDate": "1970-01-01T00:00:00.000Z",
      "fileName": "sharingRules/Image.sharingRules",
      "fullName": "Image",
      "id": "",
      "lastModifiedById": "005dL00000CXt3dQAD",
      "lastModifiedByName": "Gopu S.",
      "lastModifiedDate": "1970-01-01T00:00:00.000Z",
      "namespacePrefix": "",
      "type": "SharingRules"
    },
    {
      "createdById": "005dL00000CXt3dQAD",
      "createdByName": "Gopu S.",
      "createdDate": "1970-01-01T00:00:00.000Z",
      "fileName": "sharingRules/Campaign.sharingRules",
      "fullName": "Campaign",
      "id": "",
      "lastModifiedById": "005dL00000CXt3dQAD",
      "lastModifiedByName": "Gopu S.",
      "lastModifiedDate": "1970-01-01T00:00:00.000Z",
      "namespacePrefix": "",
      "type": "SharingRules"
    },
    {
      "createdById": "005dL00000CXt3dQAD",
      "createdByName": "Gopu S.",
      "createdDate": "1970-01-01T00:00:00.000Z",
      "fileName": "sharingRules/PrivacyObjectSession.sharingRules",
      "fullName": "PrivacyObjectSession",
      "id": "",
      "lastModifiedById": "005dL00000CXt3dQAD",
      "lastModifiedByName": "Gopu S.",
      "lastModifiedDate": "1970-01-01T00:00:00.000Z",
      "namespacePrefix": "",
      "type": "SharingRules"
    },
    {
      "createdById": "005dL00000CXt3dQAD",
      "createdByName": "Gopu S.",
      "createdDate": "1970-01-01T00:00:00.000Z",
      "fileName": "sharingRules/WorkPlanTemplate.sharingRules",
      "fullName": "WorkPlanTemplate",
      "id": "",
      "lastModifiedById": "005dL00000CXt3dQAD",
      "lastModifiedByName": "Gopu S.",
      "lastModifiedDate": "1970-01-01T00:00:00.000Z",
      "namespacePrefix": "",
      "type": "SharingRules"
    },
    {
      "createdById": "005dL00000CXt3dQAD",
      "createdByName": "Gopu S.",
      "createdDate": "1970-01-01T00:00:00.000Z",
      "fileName": "sharingRules/EngagementChannelType.sharingRules",
      "fullName": "EngagementChannelType",
      "id": "",
      "lastModifiedById": "005dL00000CXt3dQAD",
      "lastModifiedByName": "Gopu S.",
      "lastModifiedDate": "1970-01-01T00:00:00.000Z",
      "namespacePrefix": "",
      "type": "SharingRules"
    },
    {
      "createdById": "005dL00000CXt3dQAD",
      "createdByName": "Gopu S.",
      "createdDate": "1970-01-01T00:00:00.000Z",
      "fileName": "sharingRules/NotifDeliveryUserPref.sharingRules",
      "fullName": "NotifDeliveryUserPref",
      "id": "",
      "lastModifiedById": "005dL00000CXt3dQAD",
      "lastModifiedByName": "Gopu S.",
      "lastModifiedDate": "1970-01-01T00:00:00.000Z",
      "namespacePrefix": "",
      "type": "SharingRules"
    },
    {
      "createdById": "005dL00000CXt3dQAD",
      "createdByName": "Gopu S.",
      "createdDate": "1970-01-01T00:00:00.000Z",
      "fileName": "sharingRules/PrivacyJobSession.sharingRules",
      "fullName": "PrivacyJobSession",
      "id": "",
      "lastModifiedById": "005dL00000CXt3dQAD",
      "lastModifiedByName": "Gopu S.",
      "lastModifiedDate": "1970-01-01T00:00:00.000Z",
      "namespacePrefix": "",
      "type": "SharingRules"
    },
    {
      "createdById": "005dL00000CXt3dQAD",
      "createdByName": "Gopu S.",
      "createdDate": "1970-01-01T00:00:00.000Z",
      "fileName": "sharingRules/PromptError.sharingRules",
      "fullName": "PromptError",
      "id": "",
      "lastModifiedById": "005dL00000CXt3dQAD",
      "lastModifiedByName": "Gopu S.",
      "lastModifiedDate": "1970-01-01T00:00:00.000Z",
      "namespacePrefix": "",
      "type": "SharingRules"
    },
    {
      "createdById": "005dL00000CXt3dQAD",
      "createdByName": "Gopu S.",
      "createdDate": "1970-01-01T00:00:00.000Z",
      "fileName": "sharingRules/ServiceContract.sharingRules",
      "fullName": "ServiceContract",
      "id": "",
      "lastModifiedById": "005dL00000CXt3dQAD",
      "lastModifiedByName": "Gopu S.",
      "lastModifiedDate": "1970-01-01T00:00:00.000Z",
      "namespacePrefix": "",
      "type": "SharingRules"
    },
    {
      "createdById": "005dL00000CXt3dQAD",
      "createdByName": "Gopu S.",
      "createdDate": "1970-01-01T00:00:00.000Z",
      "fileName": "sharingRules/PrivacySessionRecordFailure.sharingRules",
      "fullName": "PrivacySessionRecordFailure",
      "id": "",
      "lastModifiedById": "005dL00000CXt3dQAD",
      "lastModifiedByName": "Gopu S.",
      "lastModifiedDate": "1970-01-01T00:00:00.000Z",
      "namespacePrefix": "",
      "type": "SharingRules"
    },
    {
      "createdById": "005dL00000CXt3dQAD",
      "createdByName": "Gopu S.",
      "createdDate": "1970-01-01T00:00:00.000Z",
      "fileName": "sharingRules/AssistantRecommendation.sharingRules",
      "fullName": "AssistantRecommendation",
      "id": "",
      "lastModifiedById": "005dL00000CXt3dQAD",
      "lastModifiedByName": "Gopu S.",
      "lastModifiedDate": "1970-01-01T00:00:00.000Z",
      "namespacePrefix": "",
      "type": "SharingRules"
    },
    {
      "createdById": "005dL00000CXt3dQAD",
      "createdByName": "Gopu S.",
      "createdDate": "1970-01-01T00:00:00.000Z",
      "fileName": "sharingRules/SiqUserBlacklist.sharingRules",
      "fullName": "SiqUserBlacklist",
      "id": "",
      "lastModifiedById": "005dL00000CXt3dQAD",
      "lastModifiedByName": "Gopu S.",
      "lastModifiedDate": "1970-01-01T00:00:00.000Z",
      "namespacePrefix": "",
      "type": "SharingRules"
    },
    {
      "createdById": "005dL00000CXt3dQAD",
      "createdByName": "Gopu S.",
      "createdDate": "2025-03-01T16:38:07.000Z",
      "fileName": "sharingRules/Time_Log_Change_c__c.sharingRules",
      "fullName": "Time_Log_Change_c__c",
      "id": "01IdL000004YLyzUAG",
      "lastModifiedById": "005dL00000CXt3dQAD",
      "lastModifiedByName": "Gopu S.",
      "lastModifiedDate": "2025-03-01T16:38:07.000Z",
      "manageableState": "unmanaged",
      "type": "SharingRules"
    },
    {
      "createdById": "005dL00000CXt3dQAD",
      "createdByName": "Gopu S.",
      "createdDate": "1970-01-01T00:00:00.000Z",
      "fileName": "sharingRules/ComponentResponseCache.sharingRules",
      "fullName": "ComponentResponseCache",
      "id": "",
      "lastModifiedById": "005dL00000CXt3dQAD",
      "lastModifiedByName": "Gopu S.",
      "lastModifiedDate": "1970-01-01T00:00:00.000Z",
      "namespacePrefix": "",
      "type": "SharingRules"
    },
    {
      "createdById": "005dL00000CXt3dQAD",
      "createdByName": "Gopu S.",
      "createdDate": "1970-01-01T00:00:00.000Z",
      "fileName": "sharingRules/OrgDeleteRequest.sharingRules",
      "fullName": "OrgDeleteRequest",
      "id": "",
      "lastModifiedById": "005dL00000CXt3dQAD",
      "lastModifiedByName": "Gopu S.",
      "lastModifiedDate": "1970-01-01T00:00:00.000Z",
      "namespacePrefix": "",
      "type": "SharingRules"
    },
    {
      "createdById": "005dL00000CXt3dQAD",
      "createdByName": "Gopu S.",
      "createdDate": "1970-01-01T00:00:00.000Z",
      "fileName": "sharingRules/AssistantInteraction.sharingRules",
      "fullName": "AssistantInteraction",
      "id": "",
      "lastModifiedById": "005dL00000CXt3dQAD",
      "lastModifiedByName": "Gopu S.",
      "lastModifiedDate": "1970-01-01T00:00:00.000Z",
      "namespacePrefix": "",
      "type": "SharingRules"
    },
    {
      "createdById": "005dL00000CXt3dQAD",
      "createdByName": "Gopu S.",
      "createdDate": "1970-01-01T00:00:00.000Z",
      "fileName": "sharingRules/MessagingSession.sharingRules",
      "fullName": "MessagingSession",
      "id": "",
      "lastModifiedById": "005dL00000CXt3dQAD",
      "lastModifiedByName": "Gopu S.",
      "lastModifiedDate": "1970-01-01T00:00:00.000Z",
      "namespacePrefix": "",
      "type": "SharingRules"
    },
    {
      "createdById": "005dL00000CXt3dQAD",
      "createdByName": "Gopu S.",
      "createdDate": "1970-01-01T00:00:00.000Z",
      "fileName": "sharingRules/AnalyticsUserAttrFuncTkn.sharingRules",
      "fullName": "AnalyticsUserAttrFuncTkn",
      "id": "",
      "lastModifiedById": "005dL00000CXt3dQAD",
      "lastModifiedByName": "Gopu S.",
      "lastModifiedDate": "1970-01-01T00:00:00.000Z",
      "namespacePrefix": "",
      "type": "SharingRules"
    },
    {
      "createdById": "005dL00000CXt3dQAD",
      "createdByName": "Gopu S.",
      "createdDate": "1970-01-01T00:00:00.000Z",
      "fileName": "sharingRules/WorkBadgeDefinition.sharingRules",
      "fullName": "WorkBadgeDefinition",
      "id": "",
      "lastModifiedById": "005dL00000CXt3dQAD",
      "lastModifiedByName": "Gopu S.",
      "lastModifiedDate": "1970-01-01T00:00:00.000Z",
      "namespacePrefix": "",
      "type": "SharingRules"
    }
  ]
}