[{"_allAttributes":null,"_properties":null,"_methods":null,"file":"c:/Users/sethu/Desktop/SALESFORCE/SFDCTraining/TimeCard/TimeCard/force-app/main/default/lwc/timeTracking/timeTracking.js","metadata":{"decorators":[{"type":"wire","targets":[{"type":"method","name":"wiredProjects","static":{},"params":{},"adapter":{"name":"getProjects","reference":"@salesforce/apex/TimeTrackingController.getProjects"}}]},{"type":"track","targets":[{"name":"projects","type":"property"}]}],"classMembers":[{"name":"projects","type":"property","decorator":"track","loc":{"start":{"line":7,"column":4},"end":{"line":7,"column":25}}},{"name":"selectedProject","type":"property","value":{"type":"string","value":""},"loc":{"start":{"line":8,"column":4},"end":{"line":8,"column":25}}},{"name":"hoursWorked","type":"property","loc":{"start":{"line":9,"column":4},"end":{"line":9,"column":20}}},{"name":"logDate","type":"property","value":{"type":"unresolved"},"loc":{"start":{"line":10,"column":4},"end":{"line":10,"column":53}}},{"name":"wiredProjects","type":"method","decorator":"wire","loc":{"start":{"line":13,"column":4},"end":{"line":20,"column":5}}},{"name":"handleProjectChange","type":"method","loc":{"start":{"line":22,"column":4},"end":{"line":24,"column":5}}},{"name":"handleHoursChange","type":"method","loc":{"start":{"line":26,"column":4},"end":{"line":28,"column":5}}},{"name":"handleDateChange","type":"method","loc":{"start":{"line":30,"column":4},"end":{"line":32,"column":5}}},{"name":"submitTimeLog","type":"method","loc":{"start":{"line":34,"column":4},"end":{"line":48,"column":5}}},{"name":"resetForm","type":"method","loc":{"start":{"line":50,"column":4},"end":{"line":54,"column":5}}},{"name":"showToast","type":"method","loc":{"start":{"line":56,"column":4},"end":{"line":58,"column":5}}}],"declarationLoc":{"start":{"line":6,"column":0},"end":{"line":59,"column":1}},"doc":"","exports":[{"type":"ExportDefaultDeclaration"}]},"updatedAt":"2025-02-24T19:22:34.035Z"}]