<?xml version="1.0" encoding="UTF-8"?>
<ReportType xmlns="http://soap.sforce.com/2006/04/metadata">
    <baseObject>Time_Log_Change_c__c</baseObject>
    <category>other</category>
    <deployed>false</deployed>
    <description>Time Log Change</description>
    <label>Time Log Change</label>
    <sections>
        <columns>
            <checkedByDefault>false</checkedByDefault>
            <field>Id</field>
            <table>Time_Log_Change_c__c</table>
        </columns>
        <columns>
            <checkedByDefault>false</checkedByDefault>
            <field>Owner</field>
            <table>Time_Log_Change_c__c</table>
        </columns>
        <columns>
            <checkedByDefault>true</checkedByDefault>
            <field>Name</field>
            <table>Time_Log_Change_c__c</table>
        </columns>
        <columns>
            <checkedByDefault>false</checkedByDefault>
            <field>CreatedDate</field>
            <table>Time_Log_Change_c__c</table>
        </columns>
        <columns>
            <checkedByDefault>false</checkedByDefault>
            <field>CreatedBy</field>
            <table>Time_Log_Change_c__c</table>
        </columns>
        <columns>
            <checkedByDefault>false</checkedByDefault>
            <field>LastModifiedDate</field>
            <table>Time_Log_Change_c__c</table>
        </columns>
        <columns>
            <checkedByDefault>false</checkedByDefault>
            <field>LastModifiedBy</field>
            <table>Time_Log_Change_c__c</table>
        </columns>
        <columns>
            <checkedByDefault>false</checkedByDefault>
            <field>Time_Log__c</field>
            <table>Time_Log_Change_c__c</table>
        </columns>
        <columns>
            <checkedByDefault>false</checkedByDefault>
            <field>Field_Changed__c</field>
            <table>Time_Log_Change_c__c</table>
        </columns>
        <columns>
            <checkedByDefault>false</checkedByDefault>
            <field>Old_Value__c</field>
            <table>Time_Log_Change_c__c</table>
        </columns>
        <columns>
            <checkedByDefault>false</checkedByDefault>
            <field>New_Value__c</field>
            <table>Time_Log_Change_c__c</table>
        </columns>
        <columns>
            <checkedByDefault>false</checkedByDefault>
            <field>Modified_By__c</field>
            <table>Time_Log_Change_c__c</table>
        </columns>
        <columns>
            <checkedByDefault>false</checkedByDefault>
            <field>Date_Modified__c</field>
            <table>Time_Log_Change_c__c</table>
        </columns>
        <masterLabel>Time Log Changes</masterLabel>
    </sections>
</ReportType>
