<?xml version="1.0" encoding="UTF-8"?>
<ReportType xmlns="http://soap.sforce.com/2006/04/metadata">
    <baseObject>Time_Log__c</baseObject>
    <category>other</category>
    <deployed>true</deployed>
    <description>Time Log Report</description>
    <label>Time Log Report</label>
    <sections>
        <columns>
            <checkedByDefault>false</checkedByDefault>
            <field>Id</field>
            <table>Time_Log__c</table>
        </columns>
        <columns>
            <checkedByDefault>false</checkedByDefault>
            <field>Owner</field>
            <table>Time_Log__c</table>
        </columns>
        <columns>
            <checkedByDefault>true</checkedByDefault>
            <field>Name</field>
            <table>Time_Log__c</table>
        </columns>
        <columns>
            <checkedByDefault>false</checkedByDefault>
            <field>CreatedDate</field>
            <table>Time_Log__c</table>
        </columns>
        <columns>
            <checkedByDefault>false</checkedByDefault>
            <field>CreatedBy</field>
            <table>Time_Log__c</table>
        </columns>
        <columns>
            <checkedByDefault>false</checkedByDefault>
            <field>LastModifiedDate</field>
            <table>Time_Log__c</table>
        </columns>
        <columns>
            <checkedByDefault>false</checkedByDefault>
            <field>LastModifiedBy</field>
            <table>Time_Log__c</table>
        </columns>
        <columns>
            <checkedByDefault>false</checkedByDefault>
            <field>Employee__c</field>
            <table>Time_Log__c</table>
        </columns>
        <columns>
            <checkedByDefault>false</checkedByDefault>
            <field>Project__c</field>
            <table>Time_Log__c</table>
        </columns>
        <columns>
            <checkedByDefault>false</checkedByDefault>
            <field>Date__c</field>
            <table>Time_Log__c</table>
        </columns>
        <columns>
            <checkedByDefault>false</checkedByDefault>
            <field>Hours_Worked__c</field>
            <table>Time_Log__c</table>
        </columns>
        <columns>
            <checkedByDefault>false</checkedByDefault>
            <field>Status__c</field>
            <table>Time_Log__c</table>
        </columns>
        <columns>
            <checkedByDefault>false</checkedByDefault>
            <field>Last_Modified_By__c</field>
            <table>Time_Log__c</table>
        </columns>
        <masterLabel>Time Logs</masterLabel>
    </sections>
</ReportType>
